Venue,County
Abbottstown - GAA Centre of Excellence,Dublin
Austin Stack Park,Kerry
Avant Money Páirc Seán Mac Diarmada,Leitrim
Ballybofey,Donegal
Ballycran,Down
Ballyshannon,Donegal
"BOX-IT Athletic Grounds, Armagh",Armagh
Bray Emmets GAA Club,Wicklow
"Brewster Park, Enniskillen",Fermanagh
"Cappoquin Logistics Fraher Field, Dungarvan",Waterford
Carlow IT,Carlow
Cedral St Conleth's Newbridge,Kildare
Cedral St Conleth's Park,Kildare
Celtic Park,Derry
Chadwicks Wexford Park,Wexford
Clonmel,Tipperary
Connacht Centre of Excellence,Mayo
"Corrigan Park, Belfast",Antrim
"Dowdallshill, Dundalk",Louth
"Echelon Park, Aughrim",Wicklow
Enniscrone,Sligo
"Eoghan Ruadh, Dungannon",Tyrone
"FBD Semple Stadium, Thurles",Tipperary
"Fethard Town Park, All Weather Pitch",Tipperary
Fitzgerald Stadium,Kerry
GAA Centre Convoy,Donegal
"Gaelic Park, New York",New York
Garvaghey,Tyrone
Glenisk O'Connor Park,Offaly
Glennon Brothers Pearse Park,Longford
"Grattan Park, Inniskeen",Monaghan
"Hastings Insurance MacHale Park, Castlebar",Mayo
"Integral GAA Grounds, Drogheda",Louth
Kilcoyne Park,Sligo
"Kinawley Brian Borus GAA Club, Kinawley, Fermanagh",Fermanagh
"King & Moffatt Dr Hyde Park, Roscommon",Roscommon
"Kingspan Breffni, Cavan",Cavan
"Laois Hire O'Moore Park, Portlaoise",Laois
Letterkenny,Donegal
"Markievicz Park, Sligo",Sligo
"McGovern Park, Ruislip",London
Mick Neville Park Rathkeale,Limerick
Netwatch Cullen Park,Carlow
Newcastle West,Limerick
"O'Neills Healy Park, Omagh",Tyrone
"Orchard Park, Elphin GAA, Co. Roscommon",Roscommon
Owenbeg,Sligo
Páirc an Chrócaigh,Dublin
"Páirc Colmcille, Carrickmore",Tyrone
"Páirc Esler, Newry",Down
"Páirc na hÉireann, Birmingham",Warwickshire
"Páirc Naomh Bríd, Dowdallshill",Louth
"Páirc Seán Uí Eslín, Ballinamore",Leitrim
"Páirc Tailteann, Navan",Meath
Parnell Park,Dublin
Pearse Stadium,Galway
Pomeroy,Tyrone
"Protection & Prosperity Louth GAA Training Centre, Darver",Louth
"St Josephs Park, Ederney",Fermanagh
"St. Tiernach's Park, Clones",Monaghan
"SuperValu Páirc Uí Chaoimh, Cork",Cork
"TEG Cusack Park, Mullingar",Westmeath
Tooreen (Adrian Freeman Park),Mayo
Trim,Meath
Truagh,Clare
Tuam Stadium,Galway
Tubbercurry,Sligo
TUS Gaelic Grounds,Limerick
UPMC Nowlan Park,Kilkenny
"Walsh Park, Waterford",Waterford
"Zimmer Biomet Páirc Chíosóg, Ennis",Clare
